StartDate,EndDate,Status,IPAddress,Progress,Duration,Finished,RecordedDate,ResponseId,RecipientLastName,RecipientFirstName,RecipientEmail,ExternalReference,LocationLatitude,LocationLongitude,DistributionChannel,UserLanguage,Q40,Q41,Q2,Q3_1,Q4_1,Q5_1,Q6,Q7,Q7_8_TEXT,Q8,Q10,Q29,Q3,Q4,Q5,Q8,Q6,Q7,Q9_1,Q11_1,Q11_2,Q11_3,Q13,Q14,Q15,Q16,Q17,Q18_1,Q18_2,Q18_3,Q18_4,Q18_5,Q18_6,Q18_7,Q18_8,Q19_1,Q21,Q9_1,Q9_2,Q9_3,Q9_4,Q9_5,Q9_6,Q9_7,Q13_1,Q13_2,Q13_3,Q13_4,Q13_5,Q23,Q24_1,Q24_2,Q24_3,Q24_4,Q25,Q26_1,Q26_2,Q26_3,Q27,Q42,PROLIFIC_PID
Start Date,End Date,Response Type,IP Address,Progress,Duration,Finished,Recorded Date,Response ID,Recipient Last Name,Recipient First Name,Recipient Email,External Data Reference,Location Latitude,Location Longitude,Distribution Channel,User Language,Do you confirm that you have read and understood the information about this study and voluntarily agree to take part?,What is your Prolific ID?,Select your year of birth,Text,Text,Text,What is your highest education level?,What is your field of study/work? - Selected Choice,What is your field of study/work? - Other: - Text,What is your current employment status?,"Compared to others in your country, how would you rate the financial situation of your household?","If you believe generative AI could cause harm, which types of harm seem most likely?
(Please select up to 3. If you don’t think it poses a risk, you may select “No danger.”)",Do you think today’s generative AI systems can be conscious?,"When you say “conscious” in the previous question, which meaning are you thinking of?",How often do you personally encounter mistakes when using generative AI (such as chatbots or image-generation tools)?,"When an AI makes a mistake, what do you think is usually going on? (Explain in 2-3 sentences).",How important is it to you to be able to tell whether something was created by AI or by a person?,How confident are you that you could tell whether something was created by AI or by a person?,"How familiar are you with generative AI tools? (e.g ChatGPT, Gemini etc.) - Rate your familiarity:",How familiar are you with the following AI technologies? - ChatGPT,How familiar are you with the following AI technologies? - DALL·E,How familiar are you with the following AI technologies? - Sora,How often do you use ChatGPT,"If you had to describe how Chatgpt works to a friend, what would you say?
(Explain in 2-3 sentences).","How do you think Chatgpt can give answers about so many topics? 
(Explain in 2-3 sentences).","If you had to describe how Chatgpt works to a friend, what would you say? 
(Explain in 2-3 sentences).","Do you think ChatGPT learns from your individual conversations? 

Please explain what you think it remembers (if anything). 
(Explain in 2-3 sentences).",Please indicate how much you agree or disagree with each statement: - ChatGPT mainly reuses information it has seen before.,Please indicate how much you agree or disagree with each statement: - ChatGPT can combine pieces of information in new ways.,Please indicate how much you agree or disagree with each statement: - ChatGPT can access up-to-date information from the internet when I ask.,Please indicate how much you agree or disagree with each statement: - ChatGPT stores my personal information for a long time.,Please indicate how much you agree or disagree with each statement: - ChatGPT changes how it works based on individual users.,Please indicate how much you agree or disagree with each statement: - ChatGPT follows rules it was trained on rather than thinking like a human.,Please indicate how much you agree or disagree with each statement: - ChatGPT is influenced by the culture or language of the person asking.,Please indicate how much you agree or disagree with each statement: - ChatGPT could produce harmful or biased information.,"Please indicate how much you agree or disagree with the following statement: - When I use ChatGPT for important tasks, I double-check the information from another source.","In your own words, how do you think DALL·E creates images from text descriptions? (Explain in 2-3 sentences).",Please indicate how much you agree or disagree with each statement: - DALL·E reuses parts of specific existing images.,Please indicate how much you agree or disagree with each statement: - DALL·E creates new combinations of things it has seen.,Please indicate how much you agree or disagree with each statement: - DALL·E can closely recreate particular artists’ styles.,Please indicate how much you agree or disagree with each statement: - DALL·E uses images taken from the internet without permission.,Please indicate how much you agree or disagree with each statement: - DALL·E is more like a tool people use than a creator by itself.,Please indicate how much you agree or disagree with each statement: - DALL·E stores copies of the images it creates.,Please indicate how much you agree or disagree with each statement: - DALL·E can create culturally biased or stereotypical images.,Please indicate how much you agree or disagree with each statement: - Sora can create videos very close to real recordings.,Please indicate how much you agree or disagree with each statement: - Sora mainly reuses patterns from videos it has seen before.,Please indicate how much you agree or disagree with each statement: - Sora makes it easier to create videos of people doing things they never did.,Please indicate how much you agree or disagree with each statement: - Sora can use online video footage of people without their knowledge.,Please indicate how much you agree or disagree with each statement: - Sora will make it harder for people to trust videos in general.,Did you find any questions confusing?,"Rank the questions from most understandable to least understandable - In your own words, how do you think ChatGPT generate their answers to questions?",Rank the questions from most understandable to least understandable - How do you think Chatgpt can give answers about so many topics?,"Rank the questions from most understandable to least understandable - If you had to describe how Chatgpt works to a friend, what would you say?",Rank the questions from most understandable to least understandable - Do you think ChatGPT learns from your individual conversations? Please explain what you think it remembers (if anything).,How long did the survey feel to you?,Rate the following aspects of our survey - How intuitive was the layout of the survey?,Rate the following aspects of our survey - How easy was the navigation of the survey?,Rate the following aspects of our survey - How interesting/captivating were the questions?,Please provide any suggestions for the improvement of our survey. (No more than 2-3 sentences).,Was your Prolific ID completed automatically?,PROLIFIC_PID
"{""ImportId"":""startDate"",""timeZone"":""America/Denver""}","{""ImportId"":""endDate"",""timeZone"":""America/Denver""}","{""ImportId"":""status""}","{""ImportId"":""ipAddress""}","{""ImportId"":""progress""}","{""ImportId"":""duration""}","{""ImportId"":""finished""}","{""ImportId"":""recordedDate"",""timeZone"":""America/Denver""}","{""ImportId"":""_recordId""}","{""ImportId"":""recipientLastName""}","{""ImportId"":""recipientFirstName""}","{""ImportId"":""recipientEmail""}","{""ImportId"":""externalDataReference""}","{""ImportId"":""locationLatitude""}","{""ImportId"":""locationLongitude""}","{""ImportId"":""distributionChannel""}","{""ImportId"":""userLanguage""}","{""ImportId"":""QID73""}","{""ImportId"":""QID74_TEXT""}","{""ImportId"":""QID15""}","{""ImportId"":""QID16_1""}","{""ImportId"":""QID17_1""}","{""ImportId"":""QID18_1""}","{""ImportId"":""QID19""}","{""ImportId"":""QID20""}","{""ImportId"":""QID20_8_TEXT""}","{""ImportId"":""QID21""}","{""ImportId"":""QID25""}","{""ImportId"":""QID66""}","{""ImportId"":""QID67""}","{""ImportId"":""QID68""}","{""ImportId"":""QID69""}","{""ImportId"":""QID70_TEXT""}","{""ImportId"":""QID71""}","{""ImportId"":""QID72""}","{""ImportId"":""QID23_1""}","{""ImportId"":""QID54_1""}","{""ImportId"":""QID54_2""}","{""ImportId"":""QID54_3""}","{""ImportId"":""QID30""}","{""ImportId"":""QID1_TEXT""}","{""ImportId"":""QID3_TEXT""}","{""ImportId"":""QID2_TEXT""}","{""ImportId"":""QID4_TEXT""}","{""ImportId"":""QID5_1""}","{""ImportId"":""QID5_2""}","{""ImportId"":""QID5_3""}","{""ImportId"":""QID5_4""}","{""ImportId"":""QID5_5""}","{""ImportId"":""QID5_6""}","{""ImportId"":""QID5_7""}","{""ImportId"":""QID5_8""}","{""ImportId"":""QID6_1""}","{""ImportId"":""QID55_TEXT""}","{""ImportId"":""QID60_1""}","{""ImportId"":""QID60_2""}","{""ImportId"":""QID60_3""}","{""ImportId"":""QID60_4""}","{""ImportId"":""QID60_5""}","{""ImportId"":""QID60_6""}","{""ImportId"":""QID60_7""}","{""ImportId"":""QID61_1""}","{""ImportId"":""QID61_2""}","{""ImportId"":""QID61_3""}","{""ImportId"":""QID61_4""}","{""ImportId"":""QID61_5""}","{""ImportId"":""QID33""}","{""ImportId"":""QID35_1""}","{""ImportId"":""QID35_2""}","{""ImportId"":""QID35_3""}","{""ImportId"":""QID35_4""}","{""ImportId"":""QID43""}","{""ImportId"":""QID44_1""}","{""ImportId"":""QID44_2""}","{""ImportId"":""QID44_3""}","{""ImportId"":""QID50_TEXT""}","{""ImportId"":""QID75""}","{""ImportId"":""PROLIFIC_PID""}"
2025-12-20 04:16:34,2025-12-20 04:28:03,IP Address,35.140.218.74,100,689,True,2025-12-20 04:28:04,R_1MWZt3nAKSRNoxM,,,,,27.8485,-82.7944,anonymous,EN,"Yes, I consent to participate in this study",6946474bb03b49c5edcdfd21,1994,United States,United States,English,High school diploma / Secondary education,Prefer not to answer,,Unemployed and looking for work,Worse,"Spread of fake news, scams, or manipulation of public opinion,Job loss or major changes to how work is done,Misuse in science, health, or biology, including unsafe or harmful applications",Probably not,Being aware of itself as an individual,Often,I think when an AI makes a mistake it's a result of a 'hallucination'. What I mean by that is that the AI simply attempts to answer my question in a way that aligns with what it perceives as a natural response based on training data without any foundation for the information.,Slightly important,Not at all confident,5,100,77,100,Daily,ChatGPT is a language learning model that takes data from the internet and uses it to inform how it should speak or answer questions. You can think of it as analogous to the way a person would create text but in place of real life experience is training data.,It collects data from many unique sources. This data is supplemented by information gleaned from user input and web search capabilities.,,,Strongly agree,Somewhat agree,Somewhat agree,Neither agree nor disagree,Strongly agree,Strongly agree,Somewhat disagree,Strongly agree,Strongly agree,Dall-E uses your text along with its training data to de-noise an image with bias. It essentially 'sculpts' a series of pixels randomly based on input and seed.,Somewhat disagree,Strongly agree,Strongly agree,Neither agree nor disagree,Somewhat disagree,Somewhat disagree,Strongly agree,Strongly agree,Somewhat agree,Strongly agree,Somewhat agree,Strongly agree,No,4,3,1,2,just right,100,100,100,,Yes,6946474bb03b49c5edcdfd21
